,readable,energies
0,POWER | BROWN | power_COAL_noccs | MEDIUM,1.0
1,VEHICLES | BROWN | CARS_trad | LOW,1.0
2,VEHICLES | GREEN | CARS_hybrid | HIGH,1.0
3,POWER | GREEN | power_WIND_onshore | LOW,1.0
4,VEHICLES | GREEN | CARS_fuelcell | MEDIUM,1.0
5,POWER | BROWN | power_GAS_noccs | NONE,1.0
6,POWER | GREEN | power_SOLAR | NONE,1.0
7,POWER | BROWN | power_COAL_noccs | LOW,1.0
8,POWER | CCS | power_BIOMASS_ccs | HIGH,1.0
9,POWER | CCS | power_COAL_ccs | MEDIUM,1.0
10,STORAGE | GREEN | refueling_station_HYDROGEN | LOW,1.0
11,ENERGY | CCS | enduse_COAL_ccs | HIGH,1.0
12,STORAGE | GREEN | refueling_station_HYDROGEN | MEDIUM,1.0
13,POWER | GREEN | power_WIND_offshore | LOW,1.0
14,POWER | GREEN | power_WIND_offshore | NONE,1.0
15,STORAGE | GREEN | pipelines_HYDROGEN | MEDIUM,1.0
16,VEHICLES | GREEN | HEAVYDUTY_fuelcell | HIGH,1.0
17,VEHICLES | GREEN | HEAVYDUTY_hybrid | NONE,1.0
18,VEHICLES | BROWN | HEAVYDUTY_trad | HIGH,1.0
19,VEHICLES | GREEN | HEAVYDUTY_fuelcell | HIGH,1.0
20,ENERGY | CCS | enduse_COAL_ccs | LOW,1.0
21,VEHICLES | GREEN | HEAVYDUTY_fuelcell | MEDIUM,1.0
22,STORAGE | GREEN | production_HYDROGEN | LOW,1.0
23,POWER | GREEN | power_HYDRO | MEDIUM,1.0
24,ENERGY | GREEN | thermal_SOLAR | LOW,1.0
25,POWER | CCS | power_BIOMASS_ccs | NONE,1.0
26,STORAGE | GREEN | power_STORAGE | HIGH,1.0
27,DAC | CCS | DAC_calcium_oxide | MEDIUM,1.0
28,DAC | CCS | DAC_solid_sorbents | LOW,1.0
29,VEHICLES | GREEN | CARS_hybrid | NONE,1.0
30,DAC | CCS | DAC_solid_sorbents | MEDIUM,1.0
31,STORAGE | GREEN | refueling_station_HYDROGEN | LOW,1.0
32,VEHICLES | GREEN | HEAVYDUTY_fuelcell | HIGH,1.0
33,STORAGE | GREEN | refueling_station_HYDROGEN | LOW,1.0
34,ENERGY | CCS | enduse_COAL_ccs | NONE,1.0
35,STORAGE | GREEN | refueling_station_HYDROGEN | HIGH,1.0
36,POWER | GREEN | power_HYDRO | HIGH,1.0
37,DAC | CCS | DAC_solid_sorbents | MEDIUM,1.0
38,POWER | BROWN | power_BIOMASS_noccs | HIGH,1.0
39,POWER | GREEN | power_NUCLEAR | NONE,1.0
40,STORAGE | GREEN | power_STORAGE | LOW,1.0
41,VEHICLES | BROWN | CARS_trad | NONE,1.0
42,POWER | CCS | power_COAL_ccs | MEDIUM,1.0
43,POWER | GREEN | power_HYDRO | LOW,1.0
44,POWER | GREEN | power_WIND_offshore | HIGH,1.0
45,STORAGE | GREEN | power_STORAGE | HIGH,1.0
46,VEHICLES | BROWN | CARS_trad | NONE,1.0
47,POWER | CCS | power_GAS_ccs | HIGH,1.0
48,POWER | CCS | power_COAL_ccs | HIGH,1.0
49,VEHICLES | GREEN | HEAVYDUTY_electric | HIGH,1.0
50,DAC | CCS | DAC_liquid_sorbents | HIGH,1.0
51,VEHICLES | GREEN | HEAVYDUTY_hybrid | HIGH,1.0
52,POWER | GREEN | power_NUCLEAR | HIGH,1.0
53,VEHICLES | GREEN | HEAVYDUTY_hybrid | LOW,1.0
54,DAC | CCS | DAC_liquid_sorbents | NONE,1.0
55,POWER | GREEN | power_SOLAR | HIGH,1.0
56,DAC | CCS | DAC_solid_sorbents | HIGH,1.0
57,VEHICLES | GREEN | CARS_electric | LOW,1.0
58,POWER | GREEN | power_HYDRO | HIGH,1.0
59,STORAGE | GREEN | refueling_station_HYDROGEN | LOW,1.0
60,VEHICLES | BROWN | CARS_trad | NONE,1.0
61,VEHICLES | GREEN | CARS_hybrid | HIGH,1.0
62,STORAGE | GREEN | power_STORAGE | HIGH,1.0
63,DAC | CCS | DAC_solid_sorbents | NONE,1.0
64,POWER | GREEN | power_WIND_offshore | NONE,1.0
65,POWER | BROWN | power_BIOMASS_noccs | LOW,1.0
66,ENERGY | CCS | enduse_COAL_ccs | NONE,1.0
67,POWER | GREEN | power_NUCLEAR | LOW,1.0
68,DAC | CCS | DAC_liquid_sorbents | MEDIUM,1.0
69,POWER | BROWN | power_COAL_noccs | MEDIUM,1.0
70,DAC | CCS | DAC_solid_sorbents | NONE,1.0
71,ENERGY | GREEN | thermal_SOLAR | LOW,1.0
72,DAC | CCS | DAC_calcium_oxide | LOW,1.0
73,POWER | BROWN | power_BIOMASS_noccs | NONE,1.0
74,DAC | CCS | DAC_liquid_sorbents | NONE,1.0
75,DAC | CCS | DAC_calcium_oxide | NONE,1.0
76,VEHICLES | GREEN | CARS_electric | HIGH,1.0
77,POWER | GREEN | power_SOLAR | LOW,1.0
78,VEHICLES | GREEN | CARS_hybrid | MEDIUM,1.0
79,VEHICLES | BROWN | CARS_trad | MEDIUM,1.0
80,POWER | CCS | power_COAL_ccs | NONE,1.0
81,STORAGE | GREEN | power_STORAGE | HIGH,1.0
82,VEHICLES | GREEN | HEAVYDUTY_fuelcell | HIGH,1.0
83,STORAGE | GREEN | power_STORAGE | HIGH,1.0
84,POWER | CCS | power_GAS_ccs | LOW,1.0
85,POWER | CCS | power_BIOMASS_ccs | MEDIUM,1.0
86,STORAGE | GREEN | refueling_station_HYDROGEN | HIGH,1.0
87,STORAGE | GREEN | power_STORAGE | HIGH,1.0
88,VEHICLES | GREEN | HEAVYDUTY_hybrid | HIGH,1.0
89,VEHICLES | GREEN | HEAVYDUTY_hybrid | MEDIUM,1.0
90,DAC | CCS | DAC_liquid_sorbents | NONE,1.0
91,POWER | GREEN | power_WIND_offshore | HIGH,1.0
92,STORAGE | GREEN | power_STORAGE | LOW,1.0
93,STORAGE | GREEN | power_STORAGE | MEDIUM,1.0
94,ENERGY | CCS | enduse_COAL_ccs | HIGH,1.0
95,POWER | GREEN | power_SOLAR | MEDIUM,1.0
96,POWER | BROWN | power_BIOMASS_noccs | NONE,1.0
97,VEHICLES | GREEN | HEAVYDUTY_fuelcell | NONE,1.0
98,DAC | CCS | DAC_liquid_sorbents | MEDIUM,1.0
99,POWER | GREEN | power_WIND_offshore | LOW,1.0
100,VEHICLES | GREEN | HEAVYDUTY_hybrid | MEDIUM,1.0
101,POWER | BROWN | power_BIOMASS_noccs | NONE,1.0
102,VEHICLES | GREEN | HEAVYDUTY_fuelcell | HIGH,1.0
103,POWER | BROWN | power_COAL_noccs | NONE,1.0
104,STORAGE | GREEN | production_HYDROGEN | NONE,1.0
105,POWER | GREEN | power_SOLAR | NONE,1.0
106,VEHICLES | BROWN | CARS_trad | LOW,1.0
107,STORAGE | GREEN | pipelines_HYDROGEN | MEDIUM,1.0
108,DAC | CCS | DAC_calcium_oxide | MEDIUM,1.0
109,POWER | GREEN | power_WIND_onshore | HIGH,1.0
110,STORAGE | GREEN | power_STORAGE | MEDIUM,1.0
111,VEHICLES | GREEN | HEAVYDUTY_hybrid | HIGH,1.0
112,VEHICLES | GREEN | HEAVYDUTY_hybrid | NONE,1.0
113,POWER | BROWN | power_GAS_noccs | HIGH,1.0
114,DAC | CCS | DAC_calcium_oxide | MEDIUM,1.0
115,POWER | CCS | power_BIOMASS_ccs | HIGH,1.0
116,VEHICLES | GREEN | HEAVYDUTY_fuelcell | HIGH,1.0
117,ENERGY | GREEN | thermal_SOLAR | HIGH,1.0
118,POWER | GREEN | power_SOLAR | HIGH,1.0
119,POWER | GREEN | power_HYDRO | MEDIUM,1.0
120,DAC | CCS | DAC_liquid_sorbents | NONE,1.0
121,ENERGY | CCS | enduse_COAL_ccs | HIGH,1.0
122,ENERGY | CCS | enduse_COAL_ccs | MEDIUM,1.0
123,VEHICLES | BROWN | CARS_trad | LOW,1.0
124,POWER | GREEN | power_NUCLEAR | LOW,1.0
125,POWER | BROWN | power_COAL_noccs | MEDIUM,1.0
126,POWER | BROWN | power_GAS_noccs | NONE,1.0
127,POWER | BROWN | power_GAS_noccs | HIGH,1.0
128,DAC | CCS | DAC_liquid_sorbents | HIGH,1.0
129,POWER | BROWN | power_BIOMASS_noccs | HIGH,1.0
130,POWER | BROWN | power_BIOMASS_noccs | LOW,1.0
131,POWER | BROWN | power_BIOMASS_noccs | HIGH,1.0
132,STORAGE | GREEN | refueling_station_HYDROGEN | MEDIUM,1.0
133,POWER | CCS | power_COAL_ccs | NONE,1.0
134,POWER | CCS | power_COAL_ccs | HIGH,1.0
135,ENERGY | CCS | enduse_COAL_ccs | HIGH,1.0
136,STORAGE | GREEN | pipelines_HYDROGEN | LOW,1.0
137,VEHICLES | GREEN | HEAVYDUTY_fuelcell | MEDIUM,1.0
138,POWER | GREEN | power_HYDRO | HIGH,1.0
139,VEHICLES | GREEN | HEAVYDUTY_fuelcell | NONE,1.0
140,ENERGY | GREEN | thermal_SOLAR | NONE,1.0
141,STORAGE | GREEN | production_HYDROGEN | HIGH,1.0
142,POWER | BROWN | power_BIOMASS_noccs | NONE,1.0
143,POWER | BROWN | power_OIL | MEDIUM,1.0
144,STORAGE | GREEN | pipelines_HYDROGEN | LOW,1.0
145,POWER | BROWN | power_COAL_noccs | MEDIUM,1.0
146,POWER | BROWN | power_OIL | LOW,1.0
147,STORAGE | GREEN | pipelines_HYDROGEN | HIGH,1.0
148,STORAGE | GREEN | pipelines_HYDROGEN | LOW,1.0
149,VEHICLES | GREEN | HEAVYDUTY_fuelcell | LOW,1.0
150,POWER | CCS | power_BIOMASS_ccs | LOW,1.0
151,POWER | GREEN | power_HYDRO | HIGH,1.0
152,ENERGY | CCS | enduse_COAL_ccs | HIGH,1.0
153,POWER | BROWN | power_GAS_noccs | HIGH,1.0
154,ENERGY | CCS | enduse_COAL_ccs | MEDIUM,1.0
155,VEHICLES | GREEN | CARS_electric | NONE,1.0
156,VEHICLES | GREEN | CARS_electric | LOW,1.0
157,STORAGE | GREEN | power_STORAGE | HIGH,1.0
158,STORAGE | GREEN | pipelines_HYDROGEN | MEDIUM,1.0
159,VEHICLES | GREEN | CARS_electric | LOW,1.0
160,VEHICLES | GREEN | HEAVYDUTY_hybrid | NONE,1.0
161,VEHICLES | GREEN | CARS_hybrid | LOW,1.0
162,POWER | CCS | power_BIOMASS_ccs | NONE,1.0
163,DAC | CCS | DAC_liquid_sorbents | LOW,1.0
164,VEHICLES | BROWN | CARS_trad | MEDIUM,1.0
165,POWER | BROWN | power_OIL | NONE,1.0
166,POWER | BROWN | power_BIOMASS_noccs | HIGH,1.0
167,VEHICLES | GREEN | CARS_hybrid | HIGH,1.0
168,VEHICLES | GREEN | HEAVYDUTY_fuelcell | HIGH,1.0
169,POWER | BROWN | power_OIL | LOW,1.0
170,ENERGY | CCS | enduse_COAL_ccs | MEDIUM,1.0
171,STORAGE | GREEN | pipelines_HYDROGEN | NONE,1.0
172,STORAGE | GREEN | refueling_station_HYDROGEN | LOW,1.0
173,POWER | CCS | power_BIOMASS_ccs | MEDIUM,1.0
174,VEHICLES | GREEN | CARS_electric | MEDIUM,1.0
175,POWER | CCS | power_GAS_ccs | LOW,1.0
176,POWER | GREEN | power_WIND_onshore | NONE,1.0
177,DAC | CCS | DAC_liquid_sorbents | LOW,1.0
178,STORAGE | GREEN | refueling_station_HYDROGEN | HIGH,1.0
179,STORAGE | GREEN | pipelines_HYDROGEN | HIGH,1.0
180,VEHICLES | GREEN | CARS_fuelcell | LOW,1.0
181,VEHICLES | GREEN | CARS_hybrid | MEDIUM,1.0
182,ENERGY | GREEN | thermal_SOLAR | NONE,1.0
183,POWER | BROWN | power_GAS_noccs | NONE,1.0
184,POWER | BROWN | power_COAL_noccs | LOW,1.0
185,POWER | GREEN | power_HYDRO | LOW,1.0
186,VEHICLES | GREEN | HEAVYDUTY_electric | MEDIUM,1.0
187,DAC | CCS | DAC_solid_sorbents | NONE,1.0
188,POWER | GREEN | power_SOLAR | LOW,1.0
189,POWER | BROWN | power_COAL_noccs | MEDIUM,1.0
190,POWER | GREEN | power_WIND_offshore | NONE,1.0
191,ENERGY | CCS | enduse_COAL_ccs | LOW,1.0
192,DAC | CCS | DAC_solid_sorbents | NONE,1.0
193,STORAGE | GREEN | production_HYDROGEN | LOW,1.0
194,VEHICLES | GREEN | CARS_electric | MEDIUM,1.0
195,POWER | GREEN | power_NUCLEAR | MEDIUM,1.0
196,POWER | BROWN | power_COAL_noccs | MEDIUM,1.0
197,DAC | CCS | DAC_liquid_sorbents | HIGH,1.0
198,POWER | CCS | power_COAL_ccs | MEDIUM,1.0
199,ENERGY | CCS | enduse_COAL_ccs | MEDIUM,1.0
200,POWER | BROWN | power_BIOMASS_noccs | NONE,1.0
201,VEHICLES | BROWN | CARS_trad | HIGH,1.0
202,POWER | BROWN | power_COAL_noccs | LOW,1.0
203,DAC | CCS | DAC_liquid_sorbents | HIGH,1.0
204,POWER | GREEN | power_NUCLEAR | MEDIUM,1.0
205,POWER | BROWN | power_OIL | MEDIUM,1.0
206,POWER | GREEN | power_SOLAR | LOW,1.0
207,VEHICLES | GREEN | CARS_fuelcell | LOW,1.0
208,POWER | GREEN | power_HYDRO | HIGH,1.0
209,ENERGY | CCS | enduse_COAL_ccs | LOW,1.0
210,VEHICLES | BROWN | HEAVYDUTY_trad | LOW,1.0
211,POWER | GREEN | power_HYDRO | NONE,1.0
212,DAC | CCS | DAC_calcium_oxide | HIGH,1.0
213,VEHICLES | BROWN | HEAVYDUTY_trad | NONE,1.0
214,VEHICLES | BROWN | CARS_trad | LOW,1.0
215,VEHICLES | GREEN | CARS_fuelcell | LOW,1.0
216,VEHICLES | BROWN | HEAVYDUTY_trad | MEDIUM,1.0
217,ENERGY | CCS | enduse_COAL_ccs | NONE,1.0
218,POWER | BROWN | power_BIOMASS_noccs | LOW,1.0
219,POWER | BROWN | power_BIOMASS_noccs | NONE,1.0
220,POWER | GREEN | power_WIND_onshore | LOW,1.0
221,ENERGY | CCS | enduse_COAL_ccs | HIGH,1.0
222,POWER | GREEN | power_NUCLEAR | NONE,1.0
223,POWER | GREEN | power_NUCLEAR | NONE,1.0
224,POWER | BROWN | power_COAL_noccs | MEDIUM,1.0
225,ENERGY | GREEN | thermal_SOLAR | LOW,1.0
226,POWER | GREEN | power_WIND_offshore | HIGH,1.0
227,DAC | CCS | DAC_liquid_sorbents | LOW,1.0
228,DAC | CCS | DAC_solid_sorbents | LOW,1.0
229,STORAGE | GREEN | power_STORAGE | HIGH,1.0
230,STORAGE | GREEN | refueling_station_HYDROGEN | MEDIUM,1.0
231,POWER | GREEN | power_WIND_offshore | HIGH,1.0
232,POWER | BROWN | power_OIL | MEDIUM,1.0
233,POWER | GREEN | power_WIND_onshore | HIGH,1.0
234,POWER | CCS | power_BIOMASS_ccs | NONE,1.0
235,POWER | GREEN | power_WIND_onshore | MEDIUM,1.0
236,ENERGY | CCS | enduse_COAL_ccs | LOW,1.0
237,POWER | GREEN | power_SOLAR | LOW,1.0
238,ENERGY | CCS | enduse_COAL_ccs | LOW,1.0
239,ENERGY | GREEN | thermal_SOLAR | LOW,1.0
240,ENERGY | CCS | enduse_COAL_ccs | NONE,1.0
241,POWER | CCS | power_COAL_ccs | MEDIUM,1.0
242,POWER | GREEN | power_SOLAR | MEDIUM,1.0
243,POWER | BROWN | power_BIOMASS_noccs | NONE,1.0
244,POWER | GREEN | power_WIND_onshore | MEDIUM,1.0
245,STORAGE | GREEN | pipelines_HYDROGEN | NONE,1.0
246,STORAGE | GREEN | production_HYDROGEN | HIGH,1.0
247,VEHICLES | GREEN | CARS_hybrid | MEDIUM,1.0
248,DAC | CCS | DAC_solid_sorbents | MEDIUM,1.0
249,VEHICLES | GREEN | HEAVYDUTY_fuelcell | HIGH,1.0
250,STORAGE | GREEN | production_HYDROGEN | HIGH,1.0
251,VEHICLES | GREEN | CARS_hybrid | HIGH,1.0
252,STORAGE | GREEN | refueling_station_HYDROGEN | HIGH,1.0
253,DAC | CCS | DAC_liquid_sorbents | MEDIUM,1.0
254,POWER | GREEN | power_SOLAR | LOW,1.0
255,POWER | BROWN | power_OIL | NONE,1.0
256,POWER | GREEN | power_SOLAR | HIGH,1.0
257,POWER | GREEN | power_WIND_offshore | MEDIUM,1.0
258,POWER | BROWN | power_OIL | NONE,1.0
259,DAC | CCS | DAC_liquid_sorbents | LOW,1.0
260,POWER | GREEN | power_WIND_onshore | HIGH,1.0
261,STORAGE | GREEN | power_STORAGE | NONE,1.0
262,VEHICLES | BROWN | HEAVYDUTY_trad | MEDIUM,1.0
263,VEHICLES | GREEN | CARS_electric | MEDIUM,1.0
264,VEHICLES | GREEN | HEAVYDUTY_electric | HIGH,1.0
265,DAC | CCS | DAC_calcium_oxide | LOW,1.0
266,ENERGY | GREEN | thermal_SOLAR | MEDIUM,1.0
267,ENERGY | GREEN | thermal_SOLAR | NONE,1.0
268,VEHICLES | GREEN | HEAVYDUTY_electric | HIGH,1.0
269,STORAGE | GREEN | refueling_station_HYDROGEN | MEDIUM,1.0
270,POWER | GREEN | power_WIND_offshore | MEDIUM,1.0
271,VEHICLES | GREEN | CARS_electric | HIGH,1.0
272,VEHICLES | BROWN | CARS_trad | LOW,1.0
273,POWER | BROWN | power_GAS_noccs | MEDIUM,1.0
274,POWER | BROWN | power_COAL_noccs | HIGH,1.0
275,VEHICLES | GREEN | CARS_electric | NONE,1.0
276,VEHICLES | GREEN | CARS_electric | NONE,1.0
277,POWER | GREEN | power_WIND_offshore | LOW,1.0
278,STORAGE | GREEN | production_HYDROGEN | LOW,1.0
279,POWER | GREEN | power_NUCLEAR | MEDIUM,1.0
280,VEHICLES | GREEN | HEAVYDUTY_electric | HIGH,1.0
281,STORAGE | GREEN | refueling_station_HYDROGEN | MEDIUM,1.0
282,DAC | CCS | DAC_liquid_sorbents | NONE,1.0
283,POWER | GREEN | power_WIND_offshore | MEDIUM,1.0
284,STORAGE | GREEN | production_HYDROGEN | LOW,1.0
285,STORAGE | GREEN | refueling_station_HYDROGEN | NONE,1.0
286,ENERGY | CCS | enduse_COAL_ccs | MEDIUM,1.0
287,STORAGE | GREEN | refueling_station_HYDROGEN | HIGH,1.0
288,VEHICLES | GREEN | HEAVYDUTY_electric | NONE,1.0
289,POWER | GREEN | power_WIND_onshore | MEDIUM,1.0
290,POWER | GREEN | power_NUCLEAR | LOW,1.0
291,POWER | GREEN | power_NUCLEAR | LOW,1.0
292,VEHICLES | GREEN | HEAVYDUTY_fuelcell | NONE,1.0
293,POWER | BROWN | power_OIL | NONE,1.0
294,POWER | BROWN | power_BIOMASS_noccs | LOW,1.0
295,POWER | BROWN | power_GAS_noccs | MEDIUM,1.0
296,POWER | CCS | power_BIOMASS_ccs | MEDIUM,1.0
297,ENERGY | CCS | enduse_COAL_ccs | MEDIUM,1.0
298,STORAGE | GREEN | pipelines_HYDROGEN | LOW,1.0
299,POWER | BROWN | power_GAS_noccs | LOW,1.0
300,ENERGY | CCS | enduse_COAL_ccs | HIGH,1.0
301,POWER | BROWN | power_BIOMASS_noccs | MEDIUM,1.0
302,ENERGY | GREEN | thermal_SOLAR | HIGH,1.0
303,VEHICLES | GREEN | CARS_fuelcell | LOW,1.0
304,DAC | CCS | DAC_liquid_sorbents | MEDIUM,1.0
305,VEHICLES | GREEN | HEAVYDUTY_electric | LOW,1.0
306,POWER | GREEN | power_WIND_onshore | NONE,1.0
307,DAC | CCS | DAC_solid_sorbents | MEDIUM,1.0
308,ENERGY | GREEN | thermal_SOLAR | MEDIUM,1.0
309,POWER | GREEN | power_SOLAR | HIGH,1.0
310,VEHICLES | GREEN | HEAVYDUTY_fuelcell | LOW,1.0
311,DAC | CCS | DAC_liquid_sorbents | MEDIUM,1.0
312,POWER | GREEN | power_WIND_onshore | NONE,1.0
313,POWER | BROWN | power_GAS_noccs | MEDIUM,1.0
314,POWER | BROWN | power_OIL | MEDIUM,1.0
315,POWER | BROWN | power_GAS_noccs | HIGH,1.0
316,ENERGY | CCS | enduse_COAL_ccs | MEDIUM,1.0
317,POWER | GREEN | power_NUCLEAR | HIGH,1.0
318,STORAGE | GREEN | production_HYDROGEN | HIGH,1.0
319,DAC | CCS | DAC_solid_sorbents | NONE,1.0
320,VEHICLES | GREEN | CARS_fuelcell | HIGH,1.0
321,POWER | GREEN | power_WIND_offshore | NONE,1.0
322,STORAGE | GREEN | refueling_station_HYDROGEN | HIGH,1.0
323,STORAGE | GREEN | power_STORAGE | NONE,1.0
324,POWER | GREEN | power_WIND_offshore | MEDIUM,1.0
325,VEHICLES | GREEN | HEAVYDUTY_hybrid | NONE,1.0
326,VEHICLES | GREEN | CARS_fuelcell | NONE,1.0
327,POWER | GREEN | power_WIND_offshore | MEDIUM,1.0
328,POWER | BROWN | power_BIOMASS_noccs | MEDIUM,1.0
329,STORAGE | GREEN | power_STORAGE | MEDIUM,1.0
330,POWER | BROWN | power_BIOMASS_noccs | NONE,1.0
331,POWER | CCS | power_BIOMASS_ccs | LOW,1.0
332,VEHICLES | GREEN | HEAVYDUTY_hybrid | MEDIUM,1.0
333,ENERGY | GREEN | thermal_SOLAR | MEDIUM,1.0
334,POWER | GREEN | power_NUCLEAR | HIGH,1.0
335,POWER | GREEN | power_WIND_offshore | MEDIUM,1.0
336,VEHICLES | BROWN | CARS_trad | LOW,1.0
337,ENERGY | GREEN | thermal_SOLAR | MEDIUM,1.0
338,POWER | BROWN | power_GAS_noccs | HIGH,1.0
339,ENERGY | CCS | enduse_COAL_ccs | LOW,1.0
340,STORAGE | GREEN | power_STORAGE | MEDIUM,1.0
341,VEHICLES | BROWN | HEAVYDUTY_trad | LOW,1.0
342,POWER | BROWN | power_BIOMASS_noccs | HIGH,1.0
343,STORAGE | GREEN | pipelines_HYDROGEN | LOW,1.0
344,POWER | BROWN | power_COAL_noccs | MEDIUM,1.0
345,POWER | GREEN | power_WIND_onshore | NONE,1.0
346,POWER | GREEN | power_WIND_onshore | NONE,1.0
347,VEHICLES | GREEN | HEAVYDUTY_electric | NONE,1.0
348,POWER | BROWN | power_OIL | HIGH,1.0
349,POWER | BROWN | power_BIOMASS_noccs | MEDIUM,1.0
350,VEHICLES | GREEN | HEAVYDUTY_hybrid | HIGH,1.0
351,VEHICLES | BROWN | CARS_trad | LOW,1.0
352,POWER | GREEN | power_WIND_offshore | HIGH,1.0
353,DAC | CCS | DAC_calcium_oxide | LOW,1.0
354,POWER | GREEN | power_WIND_onshore | HIGH,1.0
355,POWER | GREEN | power_NUCLEAR | NONE,1.0
356,POWER | BROWN | power_OIL | HIGH,1.0
357,POWER | GREEN | power_WIND_offshore | HIGH,1.0
358,VEHICLES | GREEN | CARS_hybrid | LOW,1.0
359,POWER | GREEN | power_SOLAR | HIGH,1.0
360,VEHICLES | BROWN | CARS_trad | HIGH,1.0
361,VEHICLES | BROWN | CARS_trad | LOW,1.0
362,POWER | CCS | power_GAS_ccs | MEDIUM,1.0
363,STORAGE | GREEN | pipelines_HYDROGEN | NONE,1.0
364,POWER | CCS | power_GAS_ccs | MEDIUM,1.0
365,ENERGY | CCS | enduse_COAL_ccs | NONE,1.0
366,POWER | CCS | power_COAL_ccs | NONE,1.0
367,DAC | CCS | DAC_liquid_sorbents | MEDIUM,1.0
368,VEHICLES | GREEN | CARS_hybrid | NONE,1.0
369,POWER | CCS | power_GAS_ccs | MEDIUM,1.0
370,POWER | BROWN | power_COAL_noccs | HIGH,1.0
371,POWER | BROWN | power_BIOMASS_noccs | HIGH,1.0
372,VEHICLES | BROWN | HEAVYDUTY_trad | HIGH,1.0
373,ENERGY | CCS | enduse_COAL_ccs | HIGH,1.0
374,DAC | CCS | DAC_calcium_oxide | HIGH,1.0
375,DAC | CCS | DAC_calcium_oxide | LOW,1.0
376,POWER | GREEN | power_HYDRO | HIGH,1.0
377,ENERGY | CCS | enduse_COAL_ccs | NONE,1.0
378,STORAGE | GREEN | production_HYDROGEN | LOW,1.0
379,POWER | GREEN | power_WIND_offshore | NONE,1.0
380,POWER | GREEN | power_WIND_offshore | HIGH,1.0
381,DAC | CCS | DAC_calcium_oxide | HIGH,1.0
382,STORAGE | GREEN | refueling_station_HYDROGEN | MEDIUM,1.0
383,STORAGE | GREEN | production_HYDROGEN | HIGH,1.0
384,POWER | CCS | power_GAS_ccs | LOW,1.0
385,POWER | CCS | power_BIOMASS_ccs | LOW,1.0
386,DAC | CCS | DAC_liquid_sorbents | MEDIUM,1.0
387,POWER | BROWN | power_GAS_noccs | NONE,1.0
388,ENERGY | GREEN | thermal_SOLAR | HIGH,1.0
389,POWER | BROWN | power_GAS_noccs | LOW,1.0
390,VEHICLES | GREEN | HEAVYDUTY_hybrid | LOW,1.0
391,VEHICLES | GREEN | CARS_fuelcell | LOW,1.0
392,ENERGY | GREEN | thermal_SOLAR | MEDIUM,1.0
393,POWER | BROWN | power_BIOMASS_noccs | NONE,1.0
394,VEHICLES | GREEN | HEAVYDUTY_fuelcell | LOW,1.0
395,ENERGY | GREEN | thermal_SOLAR | MEDIUM,1.0
396,POWER | CCS | power_GAS_ccs | NONE,1.0
397,POWER | CCS | power_GAS_ccs | LOW,1.0
398,ENERGY | CCS | enduse_COAL_ccs | HIGH,1.0
399,POWER | GREEN | power_WIND_offshore | MEDIUM,1.0
400,VEHICLES | BROWN | CARS_trad | MEDIUM,1.0
401,VEHICLES | GREEN | HEAVYDUTY_electric | MEDIUM,1.0
402,VEHICLES | BROWN | HEAVYDUTY_trad | NONE,1.0
403,POWER | BROWN | power_GAS_noccs | MEDIUM,1.0
404,VEHICLES | GREEN | HEAVYDUTY_hybrid | NONE,1.0
405,VEHICLES | GREEN | HEAVYDUTY_hybrid | NONE,1.0
406,POWER | CCS | power_BIOMASS_ccs | LOW,1.0
407,POWER | BROWN | power_GAS_noccs | MEDIUM,1.0
408,VEHICLES | BROWN | CARS_trad | MEDIUM,1.0
409,POWER | GREEN | power_WIND_onshore | HIGH,1.0
410,VEHICLES | GREEN | HEAVYDUTY_fuelcell | MEDIUM,1.0
411,POWER | BROWN | power_BIOMASS_noccs | HIGH,1.0
412,POWER | GREEN | power_WIND_offshore | LOW,1.0
413,POWER | BROWN | power_COAL_noccs | LOW,1.0
414,VEHICLES | GREEN | CARS_hybrid | HIGH,1.0
415,POWER | BROWN | power_BIOMASS_noccs | NONE,1.0
416,POWER | GREEN | power_WIND_offshore | HIGH,1.0
417,ENERGY | GREEN | thermal_SOLAR | HIGH,1.0
418,POWER | BROWN | power_GAS_noccs | LOW,1.0
419,POWER | BROWN | power_BIOMASS_noccs | LOW,1.0
420,POWER | GREEN | power_WIND_offshore | MEDIUM,1.0
421,STORAGE | GREEN | pipelines_HYDROGEN | LOW,1.0
422,POWER | BROWN | power_COAL_noccs | HIGH,1.0
423,POWER | CCS | power_COAL_ccs | LOW,1.0
424,POWER | CCS | power_BIOMASS_ccs | HIGH,1.0
425,VEHICLES | BROWN | CARS_trad | MEDIUM,1.0
426,VEHICLES | BROWN | HEAVYDUTY_trad | LOW,1.0
427,POWER | CCS | power_GAS_ccs | MEDIUM,1.0
428,DAC | CCS | DAC_liquid_sorbents | LOW,1.0
429,POWER | BROWN | power_GAS_noccs | MEDIUM,1.0
430,POWER | CCS | power_GAS_ccs | MEDIUM,1.0
431,DAC | CCS | DAC_solid_sorbents | NONE,1.0
432,STORAGE | GREEN | refueling_station_HYDROGEN | NONE,1.0
433,VEHICLES | GREEN | HEAVYDUTY_hybrid | HIGH,1.0
434,VEHICLES | BROWN | HEAVYDUTY_trad | HIGH,1.0
435,POWER | CCS | power_GAS_ccs | MEDIUM,1.0
436,POWER | CCS | power_BIOMASS_ccs | MEDIUM,1.0
437,DAC | CCS | DAC_liquid_sorbents | LOW,1.0
438,POWER | CCS | power_COAL_ccs | NONE,1.0
439,VEHICLES | GREEN | CARS_electric | HIGH,1.0
440,STORAGE | GREEN | refueling_station_HYDROGEN | MEDIUM,1.0
441,VEHICLES | GREEN | HEAVYDUTY_fuelcell | LOW,1.0
442,VEHICLES | GREEN | HEAVYDUTY_electric | MEDIUM,1.0
443,VEHICLES | GREEN | HEAVYDUTY_electric | NONE,1.0
444,POWER | CCS | power_COAL_ccs | MEDIUM,1.0
445,ENERGY | CCS | enduse_COAL_ccs | MEDIUM,1.0
446,POWER | CCS | power_COAL_ccs | MEDIUM,1.0
447,POWER | BROWN | power_COAL_noccs | LOW,1.0
448,VEHICLES | GREEN | HEAVYDUTY_fuelcell | MEDIUM,1.0
449,VEHICLES | BROWN | HEAVYDUTY_trad | MEDIUM,1.0
450,POWER | BROWN | power_GAS_noccs | NONE,1.0
451,POWER | CCS | power_GAS_ccs | HIGH,1.0
452,POWER | CCS | power_BIOMASS_ccs | LOW,1.0
453,POWER | CCS | power_GAS_ccs | LOW,1.0
454,VEHICLES | GREEN | HEAVYDUTY_electric | MEDIUM,1.0
455,ENERGY | GREEN | thermal_SOLAR | MEDIUM,1.0
456,ENERGY | CCS | enduse_COAL_ccs | HIGH,1.0
457,VEHICLES | GREEN | HEAVYDUTY_electric | MEDIUM,1.0
458,POWER | BROWN | power_OIL | NONE,1.0
459,POWER | CCS | power_COAL_ccs | LOW,1.0
460,DAC | CCS | DAC_solid_sorbents | LOW,1.0
461,POWER | GREEN | power_WIND_onshore | LOW,1.0
462,STORAGE | GREEN | refueling_station_HYDROGEN | HIGH,1.0
463,DAC | CCS | DAC_liquid_sorbents | MEDIUM,1.0
464,POWER | CCS | power_GAS_ccs | NONE,1.0
465,POWER | GREEN | power_HYDRO | HIGH,1.0
466,DAC | CCS | DAC_calcium_oxide | HIGH,1.0
467,POWER | GREEN | power_NUCLEAR | MEDIUM,1.0
468,VEHICLES | BROWN | HEAVYDUTY_trad | LOW,1.0
469,POWER | BROWN | power_GAS_noccs | LOW,1.0
470,VEHICLES | BROWN | CARS_trad | LOW,1.0
471,VEHICLES | GREEN | CARS_fuelcell | HIGH,1.0
472,VEHICLES | GREEN | HEAVYDUTY_hybrid | HIGH,1.0
473,DAC | CCS | DAC_calcium_oxide | HIGH,1.0
474,DAC | CCS | DAC_liquid_sorbents | NONE,1.0
475,DAC | CCS | DAC_calcium_oxide | HIGH,1.0
476,VEHICLES | GREEN | CARS_hybrid | NONE,1.0
477,VEHICLES | GREEN | HEAVYDUTY_fuelcell | NONE,1.0
478,VEHICLES | BROWN | HEAVYDUTY_trad | HIGH,1.0
479,POWER | GREEN | power_WIND_onshore | MEDIUM,1.0
480,VEHICLES | GREEN | HEAVYDUTY_electric | MEDIUM,1.0
481,VEHICLES | GREEN | CARS_electric | HIGH,1.0
482,POWER | BROWN | power_GAS_noccs | MEDIUM,1.0
483,STORAGE | GREEN | power_STORAGE | HIGH,1.0
484,POWER | BROWN | power_BIOMASS_noccs | NONE,1.0
485,DAC | CCS | DAC_liquid_sorbents | LOW,1.0
486,STORAGE | GREEN | power_STORAGE | MEDIUM,1.0
487,STORAGE | GREEN | pipelines_HYDROGEN | HIGH,1.0
488,DAC | CCS | DAC_solid_sorbents | MEDIUM,1.0
489,STORAGE | GREEN | pipelines_HYDROGEN | NONE,1.0
490,VEHICLES | GREEN | HEAVYDUTY_fuelcell | HIGH,1.0
491,VEHICLES | BROWN | CARS_trad | HIGH,1.0
492,STORAGE | GREEN | production_HYDROGEN | MEDIUM,1.0
493,POWER | GREEN | power_WIND_offshore | MEDIUM,1.0
494,STORAGE | GREEN | refueling_station_HYDROGEN | MEDIUM,1.0
495,POWER | BROWN | power_BIOMASS_noccs | MEDIUM,1.0
496,STORAGE | GREEN | pipelines_HYDROGEN | HIGH,1.0
497,VEHICLES | GREEN | CARS_hybrid | MEDIUM,1.0
498,POWER | CCS | power_BIOMASS_ccs | NONE,1.0
499,POWER | CCS | power_GAS_ccs | NONE,1.0
500,VEHICLES | GREEN | CARS_electric | MEDIUM,1.0
501,POWER | BROWN | power_COAL_noccs | HIGH,1.0
502,POWER | GREEN | power_SOLAR | LOW,1.0
503,STORAGE | GREEN | refueling_station_HYDROGEN | NONE,1.0
504,STORAGE | GREEN | production_HYDROGEN | LOW,1.0
505,VEHICLES | BROWN | CARS_trad | HIGH,1.0
506,DAC | CCS | DAC_liquid_sorbents | NONE,1.0
507,VEHICLES | BROWN | CARS_trad | MEDIUM,1.0
508,STORAGE | GREEN | power_STORAGE | NONE,1.0
509,VEHICLES | BROWN | HEAVYDUTY_trad | NONE,1.0
510,POWER | BROWN | power_BIOMASS_noccs | LOW,1.0
511,VEHICLES | GREEN | CARS_hybrid | HIGH,1.0
512,ENERGY | GREEN | thermal_SOLAR | HIGH,1.0
513,DAC | CCS | DAC_calcium_oxide | NONE,1.0
514,STORAGE | GREEN | refueling_station_HYDROGEN | LOW,1.0
515,STORAGE | GREEN | power_STORAGE | LOW,1.0
516,VEHICLES | BROWN | CARS_trad | LOW,1.0
517,VEHICLES | GREEN | CARS_hybrid | LOW,1.0
518,DAC | CCS | DAC_liquid_sorbents | MEDIUM,1.0
519,STORAGE | GREEN | refueling_station_HYDROGEN | NONE,1.0
520,VEHICLES | GREEN | HEAVYDUTY_hybrid | LOW,1.0
521,POWER | GREEN | power_SOLAR | NONE,1.0
522,ENERGY | GREEN | thermal_SOLAR | MEDIUM,1.0
523,VEHICLES | GREEN | HEAVYDUTY_fuelcell | LOW,1.0
524,POWER | GREEN | power_WIND_onshore | HIGH,1.0
525,DAC | CCS | DAC_calcium_oxide | MEDIUM,1.0
526,POWER | CCS | power_BIOMASS_ccs | NONE,1.0
527,VEHICLES | GREEN | CARS_hybrid | MEDIUM,1.0
528,VEHICLES | GREEN | CARS_electric | NONE,1.0
529,ENERGY | GREEN | thermal_SOLAR | HIGH,1.0
530,ENERGY | CCS | enduse_COAL_ccs | HIGH,1.0
531,POWER | BROWN | power_OIL | HIGH,1.0
532,POWER | CCS | power_GAS_ccs | NONE,1.0
533,POWER | GREEN | power_WIND_onshore | NONE,1.0
534,VEHICLES | GREEN | CARS_hybrid | HIGH,1.0
535,VEHICLES | GREEN | HEAVYDUTY_fuelcell | NONE,1.0
536,POWER | CCS | power_COAL_ccs | MEDIUM,1.0
537,VEHICLES | BROWN | HEAVYDUTY_trad | MEDIUM,1.0
538,VEHICLES | GREEN | HEAVYDUTY_hybrid | NONE,1.0
539,VEHICLES | GREEN | CARS_electric | LOW,1.0
540,POWER | BROWN | power_OIL | LOW,1.0
541,VEHICLES | GREEN | HEAVYDUTY_hybrid | HIGH,1.0
542,POWER | BROWN | power_BIOMASS_noccs | NONE,1.0
543,STORAGE | GREEN | pipelines_HYDROGEN | NONE,1.0
544,POWER | BROWN | power_BIOMASS_noccs | NONE,1.0
545,ENERGY | CCS | enduse_COAL_ccs | HIGH,1.0
546,STORAGE | GREEN | power_STORAGE | HIGH,1.0
547,ENERGY | CCS | enduse_COAL_ccs | HIGH,1.0
548,VEHICLES | GREEN | HEAVYDUTY_fuelcell | LOW,1.0
549,DAC | CCS | DAC_calcium_oxide | NONE,1.0
550,STORAGE | GREEN | power_STORAGE | MEDIUM,1.0
551,POWER | BROWN | power_GAS_noccs | HIGH,1.0
552,POWER | BROWN | power_BIOMASS_noccs | LOW,1.0
553,POWER | GREEN | power_SOLAR | NONE,1.0
554,POWER | CCS | power_BIOMASS_ccs | LOW,1.0
555,POWER | GREEN | power_NUCLEAR | LOW,1.0
556,POWER | GREEN | power_WIND_onshore | HIGH,1.0
557,POWER | GREEN | power_SOLAR | LOW,1.0
558,ENERGY | GREEN | thermal_SOLAR | NONE,1.0
559,VEHICLES | GREEN | HEAVYDUTY_fuelcell | NONE,1.0
560,POWER | GREEN | power_WIND_onshore | MEDIUM,1.0
561,POWER | GREEN | power_WIND_onshore | NONE,1.0
562,ENERGY | GREEN | thermal_SOLAR | MEDIUM,1.0
563,POWER | GREEN | power_NUCLEAR | MEDIUM,1.0
564,VEHICLES | BROWN | CARS_trad | LOW,1.0
565,DAC | CCS | DAC_calcium_oxide | LOW,1.0
566,VEHICLES | GREEN | HEAVYDUTY_fuelcell | HIGH,1.0
567,POWER | BROWN | power_BIOMASS_noccs | NONE,1.0
568,POWER | BROWN | power_OIL | LOW,1.0
569,DAC | CCS | DAC_liquid_sorbents | NONE,1.0
570,VEHICLES | GREEN | CARS_electric | NONE,1.0
571,VEHICLES | BROWN | CARS_trad | HIGH,1.0
572,VEHICLES | GREEN | CARS_fuelcell | MEDIUM,1.0
573,POWER | CCS | power_COAL_ccs | MEDIUM,1.0
574,POWER | GREEN | power_NUCLEAR | HIGH,1.0
575,VEHICLES | GREEN | HEAVYDUTY_fuelcell | NONE,1.0
576,POWER | CCS | power_COAL_ccs | LOW,1.0
577,STORAGE | GREEN | refueling_station_HYDROGEN | MEDIUM,1.0
578,POWER | BROWN | power_OIL | LOW,1.0
579,POWER | GREEN | power_WIND_offshore | LOW,1.0
580,STORAGE | GREEN | power_STORAGE | NONE,1.0
581,VEHICLES | BROWN | CARS_trad | MEDIUM,1.0
582,DAC | CCS | DAC_calcium_oxide | HIGH,1.0
583,VEHICLES | GREEN | CARS_fuelcell | NONE,1.0
584,STORAGE | GREEN | refueling_station_HYDROGEN | LOW,1.0
585,POWER | CCS | power_GAS_ccs | HIGH,1.0
586,VEHICLES | BROWN | HEAVYDUTY_trad | HIGH,1.0
587,VEHICLES | GREEN | HEAVYDUTY_fuelcell | MEDIUM,1.0
588,POWER | GREEN | power_WIND_onshore | MEDIUM,1.0
589,VEHICLES | GREEN | HEAVYDUTY_fuelcell | HIGH,1.0
590,ENERGY | GREEN | thermal_SOLAR | NONE,1.0
591,VEHICLES | GREEN | HEAVYDUTY_electric | MEDIUM,1.0
592,POWER | BROWN | power_BIOMASS_noccs | MEDIUM,1.0
593,POWER | GREEN | power_WIND_offshore | LOW,1.0
594,POWER | CCS | power_GAS_ccs | LOW,1.0
595,POWER | GREEN | power_WIND_onshore | HIGH,1.0
596,POWER | CCS | power_COAL_ccs | NONE,1.0
597,VEHICLES | GREEN | CARS_hybrid | HIGH,1.0
598,POWER | GREEN | power_HYDRO | NONE,1.0
599,STORAGE | GREEN | production_HYDROGEN | HIGH,1.0
600,POWER | CCS | power_BIOMASS_ccs | LOW,1.0
601,DAC | CCS | DAC_solid_sorbents | HIGH,1.0
602,POWER | BROWN | power_COAL_noccs | LOW,1.0
603,VEHICLES | GREEN | HEAVYDUTY_hybrid | MEDIUM,1.0
604,ENERGY | GREEN | thermal_SOLAR | MEDIUM,1.0
605,POWER | CCS | power_BIOMASS_ccs | NONE,1.0
606,DAC | CCS | DAC_liquid_sorbents | MEDIUM,1.0
607,VEHICLES | GREEN | HEAVYDUTY_fuelcell | NONE,1.0
608,VEHICLES | GREEN | HEAVYDUTY_fuelcell | NONE,1.0
609,DAC | CCS | DAC_liquid_sorbents | MEDIUM,1.0
610,POWER | GREEN | power_HYDRO | NONE,1.0
611,VEHICLES | GREEN | CARS_hybrid | LOW,1.0
612,STORAGE | GREEN | pipelines_HYDROGEN | HIGH,1.0
613,POWER | BROWN | power_GAS_noccs | LOW,1.0
614,STORAGE | GREEN | pipelines_HYDROGEN | LOW,1.0
615,VEHICLES | GREEN | CARS_fuelcell | MEDIUM,1.0
616,VEHICLES | GREEN | HEAVYDUTY_electric | NONE,1.0
617,DAC | CCS | DAC_liquid_sorbents | HIGH,1.0
618,POWER | BROWN | power_COAL_noccs | MEDIUM,1.0
619,VEHICLES | GREEN | HEAVYDUTY_hybrid | HIGH,1.0
620,DAC | CCS | DAC_calcium_oxide | NONE,1.0
621,POWER | BROWN | power_OIL | LOW,1.0
622,STORAGE | GREEN | production_HYDROGEN | NONE,1.0
623,VEHICLES | GREEN | CARS_hybrid | NONE,1.0
624,VEHICLES | BROWN | HEAVYDUTY_trad | LOW,1.0
625,ENERGY | GREEN | thermal_SOLAR | LOW,1.0
626,DAC | CCS | DAC_solid_sorbents | MEDIUM,1.0
627,VEHICLES | GREEN | HEAVYDUTY_electric | MEDIUM,1.0
628,POWER | GREEN | power_WIND_offshore | MEDIUM,1.0
629,POWER | GREEN | power_SOLAR | NONE,1.0
630,POWER | GREEN | power_HYDRO | LOW,1.0
631,VEHICLES | GREEN | CARS_hybrid | NONE,1.0
632,VEHICLES | GREEN | HEAVYDUTY_electric | LOW,1.0
633,VEHICLES | BROWN | HEAVYDUTY_trad | HIGH,1.0
634,VEHICLES | GREEN | CARS_electric | NONE,1.0
635,DAC | CCS | DAC_liquid_sorbents | NONE,1.0
636,DAC | CCS | DAC_calcium_oxide | LOW,1.0
637,VEHICLES | GREEN | CARS_electric | NONE,1.0
638,VEHICLES | GREEN | CARS_hybrid | MEDIUM,1.0
639,STORAGE | GREEN | refueling_station_HYDROGEN | NONE,1.0
640,STORAGE | GREEN | power_STORAGE | LOW,1.0
641,POWER | CCS | power_GAS_ccs | NONE,1.0
642,VEHICLES | GREEN | CARS_hybrid | LOW,1.0
643,STORAGE | GREEN | refueling_station_HYDROGEN | MEDIUM,1.0
644,POWER | CCS | power_GAS_ccs | HIGH,1.0
645,DAC | CCS | DAC_liquid_sorbents | LOW,1.0
646,VEHICLES | BROWN | CARS_trad | LOW,1.0
647,POWER | GREEN | power_HYDRO | NONE,1.0
648,POWER | CCS | power_BIOMASS_ccs | NONE,1.0
649,VEHICLES | BROWN | CARS_trad | NONE,1.0
650,POWER | BROWN | power_GAS_noccs | NONE,1.0
651,POWER | GREEN | power_HYDRO | MEDIUM,1.0
652,VEHICLES | GREEN | HEAVYDUTY_hybrid | HIGH,1.0
653,POWER | BROWN | power_OIL | MEDIUM,1.0
654,POWER | GREEN | power_SOLAR | MEDIUM,1.0
655,ENERGY | CCS | enduse_COAL_ccs | LOW,1.0
656,POWER | BROWN | power_BIOMASS_noccs | HIGH,1.0
657,POWER | GREEN | power_SOLAR | MEDIUM,1.0
658,VEHICLES | GREEN | HEAVYDUTY_fuelcell | LOW,1.0
659,DAC | CCS | DAC_solid_sorbents | MEDIUM,1.0
660,STORAGE | GREEN | refueling_station_HYDROGEN | LOW,1.0
661,VEHICLES | GREEN | CARS_electric | NONE,1.0
662,POWER | GREEN | power_NUCLEAR | HIGH,1.0
663,POWER | CCS | power_BIOMASS_ccs | NONE,1.0
664,VEHICLES | BROWN | HEAVYDUTY_trad | HIGH,1.0
665,DAC | CCS | DAC_solid_sorbents | HIGH,1.0
666,VEHICLES | GREEN | CARS_fuelcell | NONE,1.0
667,POWER | BROWN | power_BIOMASS_noccs | MEDIUM,1.0
668,STORAGE | GREEN | production_HYDROGEN | LOW,1.0
669,VEHICLES | BROWN | HEAVYDUTY_trad | NONE,1.0
670,DAC | CCS | DAC_solid_sorbents | HIGH,1.0
671,POWER | BROWN | power_COAL_noccs | NONE,1.0
672,VEHICLES | GREEN | CARS_fuelcell | MEDIUM,1.0
673,POWER | CCS | power_BIOMASS_ccs | NONE,1.0
674,ENERGY | GREEN | thermal_SOLAR | NONE,1.0
675,STORAGE | GREEN | power_STORAGE | MEDIUM,1.0
676,DAC | CCS | DAC_solid_sorbents | HIGH,1.0
677,POWER | BROWN | power_OIL | HIGH,1.0
678,POWER | GREEN | power_HYDRO | LOW,1.0
679,STORAGE | GREEN | pipelines_HYDROGEN | MEDIUM,1.0
680,DAC | CCS | DAC_calcium_oxide | LOW,1.0
681,POWER | GREEN | power_HYDRO | MEDIUM,1.0
682,POWER | CCS | power_COAL_ccs | NONE,1.0
683,VEHICLES | GREEN | CARS_hybrid | MEDIUM,1.0
684,POWER | BROWN | power_BIOMASS_noccs | NONE,1.0
685,VEHICLES | GREEN | CARS_fuelcell | MEDIUM,1.0
686,POWER | CCS | power_BIOMASS_ccs | MEDIUM,1.0
687,POWER | GREEN | power_NUCLEAR | HIGH,1.0
688,POWER | GREEN | power_HYDRO | NONE,1.0
689,POWER | BROWN | power_BIOMASS_noccs | MEDIUM,1.0
690,POWER | GREEN | power_NUCLEAR | MEDIUM,1.0
691,DAC | CCS | DAC_solid_sorbents | NONE,1.0
692,POWER | BROWN | power_GAS_noccs | MEDIUM,1.0
693,DAC | CCS | DAC_solid_sorbents | LOW,1.0
694,POWER | BROWN | power_BIOMASS_noccs | HIGH,1.0
695,VEHICLES | GREEN | HEAVYDUTY_electric | MEDIUM,1.0
696,STORAGE | GREEN | refueling_station_HYDROGEN | MEDIUM,1.0
697,POWER | CCS | power_GAS_ccs | LOW,1.0
698,VEHICLES | GREEN | CARS_hybrid | MEDIUM,1.0
699,VEHICLES | BROWN | HEAVYDUTY_trad | MEDIUM,1.0
700,VEHICLES | GREEN | CARS_fuelcell | NONE,1.0
701,POWER | GREEN | power_NUCLEAR | MEDIUM,1.0
702,VEHICLES | GREEN | CARS_electric | LOW,1.0
703,POWER | CCS | power_GAS_ccs | LOW,1.0
704,POWER | GREEN | power_SOLAR | NONE,1.0
705,DAC | CCS | DAC_calcium_oxide | HIGH,1.0
706,DAC | CCS | DAC_liquid_sorbents | LOW,1.0
707,POWER | BROWN | power_OIL | HIGH,1.0
708,ENERGY | CCS | enduse_COAL_ccs | MEDIUM,1.0
709,POWER | CCS | power_COAL_ccs | MEDIUM,1.0
710,VEHICLES | GREEN | CARS_hybrid | HIGH,1.0
711,VEHICLES | GREEN | HEAVYDUTY_electric | HIGH,1.0
712,VEHICLES | GREEN | CARS_electric | NONE,1.0
713,DAC | CCS | DAC_liquid_sorbents | MEDIUM,1.0
714,VEHICLES | GREEN | CARS_fuelcell | NONE,1.0
715,POWER | GREEN | power_WIND_offshore | MEDIUM,1.0
716,POWER | CCS | power_COAL_ccs | HIGH,1.0
717,DAC | CCS | DAC_solid_sorbents | LOW,1.0
718,POWER | GREEN | power_WIND_onshore | HIGH,1.0
719,POWER | CCS | power_COAL_ccs | NONE,1.0
720,POWER | GREEN | power_NUCLEAR | HIGH,1.0
721,DAC | CCS | DAC_solid_sorbents | HIGH,1.0
722,POWER | BROWN | power_BIOMASS_noccs | HIGH,1.0
723,VEHICLES | GREEN | HEAVYDUTY_fuelcell | NONE,1.0
724,ENERGY | CCS | enduse_COAL_ccs | LOW,1.0
725,DAC | CCS | DAC_liquid_sorbents | NONE,1.0
726,STORAGE | GREEN | production_HYDROGEN | NONE,1.0
727,VEHICLES | GREEN | HEAVYDUTY_electric | HIGH,1.0
728,VEHICLES | GREEN | HEAVYDUTY_electric | NONE,1.0
729,ENERGY | CCS | enduse_COAL_ccs | HIGH,1.0
730,STORAGE | GREEN | pipelines_HYDROGEN | MEDIUM,1.0
731,POWER | CCS | power_COAL_ccs | MEDIUM,1.0
732,ENERGY | GREEN | thermal_SOLAR | NONE,1.0
733,POWER | GREEN | power_HYDRO | NONE,1.0
734,POWER | BROWN | power_GAS_noccs | HIGH,1.0
735,STORAGE | GREEN | refueling_station_HYDROGEN | NONE,1.0
736,VEHICLES | GREEN | CARS_hybrid | LOW,1.0
737,VEHICLES | BROWN | HEAVYDUTY_trad | HIGH,1.0
738,POWER | GREEN | power_HYDRO | LOW,1.0
739,POWER | GREEN | power_WIND_onshore | NONE,1.0
740,POWER | CCS | power_GAS_ccs | MEDIUM,1.0
741,VEHICLES | BROWN | HEAVYDUTY_trad | LOW,1.0
742,POWER | CCS | power_COAL_ccs | NONE,1.0
743,DAC | CCS | DAC_solid_sorbents | HIGH,1.0
744,STORAGE | GREEN | production_HYDROGEN | LOW,1.0
745,VEHICLES | BROWN | CARS_trad | HIGH,1.0
746,VEHICLES | GREEN | CARS_fuelcell | MEDIUM,1.0
747,POWER | GREEN | power_WIND_onshore | MEDIUM,1.0
748,POWER | GREEN | power_WIND_onshore | MEDIUM,1.0
749,POWER | BROWN | power_BIOMASS_noccs | MEDIUM,1.0
750,DAC | CCS | DAC_calcium_oxide | MEDIUM,1.0
751,POWER | GREEN | power_SOLAR | MEDIUM,1.0
752,VEHICLES | GREEN | HEAVYDUTY_electric | MEDIUM,1.0
753,DAC | CCS | DAC_liquid_sorbents | HIGH,1.0
754,STORAGE | GREEN | refueling_station_HYDROGEN | HIGH,1.0
755,VEHICLES | GREEN | HEAVYDUTY_hybrid | LOW,1.0
756,POWER | BROWN | power_OIL | NONE,1.0
757,STORAGE | GREEN | power_STORAGE | NONE,1.0
758,VEHICLES | BROWN | CARS_trad | LOW,1.0
759,POWER | CCS | power_BIOMASS_ccs | NONE,1.0
760,POWER | GREEN | power_SOLAR | HIGH,1.0
761,POWER | CCS | power_BIOMASS_ccs | MEDIUM,1.0
762,VEHICLES | GREEN | HEAVYDUTY_hybrid | NONE,1.0
763,ENERGY | GREEN | thermal_SOLAR | MEDIUM,1.0
764,STORAGE | GREEN | refueling_station_HYDROGEN | HIGH,1.0
765,POWER | BROWN | power_COAL_noccs | HIGH,1.0
766,POWER | BROWN | power_COAL_noccs | HIGH,1.0
767,POWER | BROWN | power_COAL_noccs | LOW,1.0
768,POWER | BROWN | power_OIL | LOW,1.0
769,VEHICLES | GREEN | CARS_fuelcell | MEDIUM,1.0
770,STORAGE | GREEN | pipelines_HYDROGEN | MEDIUM,1.0
771,POWER | BROWN | power_GAS_noccs | MEDIUM,1.0
772,POWER | BROWN | power_OIL | LOW,1.0
773,POWER | GREEN | power_WIND_offshore | HIGH,1.0
774,VEHICLES | BROWN | HEAVYDUTY_trad | MEDIUM,1.0
775,POWER | BROWN | power_COAL_noccs | HIGH,1.0
776,POWER | CCS | power_BIOMASS_ccs | MEDIUM,1.0
777,ENERGY | GREEN | thermal_SOLAR | LOW,1.0
778,VEHICLES | BROWN | HEAVYDUTY_trad | HIGH,1.0
779,DAC | CCS | DAC_liquid_sorbents | MEDIUM,1.0
780,ENERGY | CCS | enduse_COAL_ccs | MEDIUM,1.0
781,STORAGE | GREEN | refueling_station_HYDROGEN | HIGH,1.0
782,VEHICLES | BROWN | HEAVYDUTY_trad | LOW,1.0
783,STORAGE | GREEN | production_HYDROGEN | HIGH,1.0
784,POWER | GREEN | power_NUCLEAR | MEDIUM,1.0
785,POWER | GREEN | power_NUCLEAR | LOW,1.0
786,VEHICLES | GREEN | CARS_electric | HIGH,1.0
787,VEHICLES | BROWN | CARS_trad | HIGH,1.0
788,POWER | GREEN | power_HYDRO | HIGH,1.0
789,POWER | GREEN | power_SOLAR | NONE,1.0
790,ENERGY | CCS | enduse_COAL_ccs | HIGH,1.0
791,POWER | BROWN | power_OIL | NONE,1.0
792,POWER | BROWN | power_GAS_noccs | HIGH,1.0
793,ENERGY | CCS | enduse_COAL_ccs | HIGH,1.0
794,POWER | BROWN | power_GAS_noccs | HIGH,1.0
795,STORAGE | GREEN | power_STORAGE | MEDIUM,1.0
796,VEHICLES | GREEN | HEAVYDUTY_electric | LOW,1.0
797,STORAGE | GREEN | pipelines_HYDROGEN | NONE,1.0
798,VEHICLES | GREEN | CARS_electric | HIGH,1.0
799,POWER | GREEN | power_HYDRO | NONE,1.0
800,STORAGE | GREEN | production_HYDROGEN | HIGH,1.0
801,POWER | GREEN | power_NUCLEAR | HIGH,1.0
802,VEHICLES | GREEN | HEAVYDUTY_hybrid | HIGH,1.0
803,VEHICLES | BROWN | CARS_trad | MEDIUM,1.0
804,STORAGE | GREEN | refueling_station_HYDROGEN | HIGH,1.0
805,POWER | CCS | power_BIOMASS_ccs | HIGH,1.0
806,VEHICLES | BROWN | CARS_trad | LOW,1.0
807,STORAGE | GREEN | refueling_station_HYDROGEN | MEDIUM,1.0
808,POWER | GREEN | power_SOLAR | MEDIUM,1.0
809,POWER | CCS | power_COAL_ccs | HIGH,1.0
810,VEHICLES | BROWN | CARS_trad | NONE,1.0
811,VEHICLES | GREEN | CARS_hybrid | NONE,1.0
812,DAC | CCS | DAC_liquid_sorbents | LOW,1.0
813,POWER | CCS | power_BIOMASS_ccs | MEDIUM,1.0
814,POWER | GREEN | power_WIND_offshore | NONE,1.0
815,VEHICLES | GREEN | HEAVYDUTY_fuelcell | NONE,1.0
816,POWER | BROWN | power_GAS_noccs | LOW,1.0
817,POWER | GREEN | power_NUCLEAR | HIGH,1.0
818,POWER | GREEN | power_SOLAR | LOW,1.0
819,POWER | GREEN | power_NUCLEAR | MEDIUM,1.0
820,VEHICLES | GREEN | HEAVYDUTY_hybrid | LOW,1.0
821,POWER | CCS | power_GAS_ccs | HIGH,1.0
822,STORAGE | GREEN | refueling_station_HYDROGEN | MEDIUM,1.0
823,VEHICLES | GREEN | HEAVYDUTY_fuelcell | MEDIUM,1.0
824,POWER | GREEN | power_WIND_onshore | MEDIUM,1.0
825,POWER | GREEN | power_HYDRO | HIGH,1.0
826,STORAGE | GREEN | pipelines_HYDROGEN | MEDIUM,1.0
827,ENERGY | CCS | enduse_COAL_ccs | NONE,1.0
828,POWER | GREEN | power_NUCLEAR | LOW,1.0
829,VEHICLES | GREEN | HEAVYDUTY_electric | MEDIUM,1.0
830,DAC | CCS | DAC_solid_sorbents | NONE,1.0
831,POWER | CCS | power_GAS_ccs | HIGH,1.0
832,VEHICLES | GREEN | HEAVYDUTY_fuelcell | NONE,1.0
833,STORAGE | GREEN | refueling_station_HYDROGEN | MEDIUM,1.0
834,VEHICLES | GREEN | HEAVYDUTY_fuelcell | LOW,1.0
835,ENERGY | CCS | enduse_COAL_ccs | NONE,1.0
836,VEHICLES | BROWN | HEAVYDUTY_trad | HIGH,1.0
837,STORAGE | GREEN | pipelines_HYDROGEN | LOW,1.0
838,VEHICLES | GREEN | CARS_electric | LOW,1.0
839,STORAGE | GREEN | power_STORAGE | LOW,1.0
840,POWER | CCS | power_BIOMASS_ccs | LOW,1.0
841,POWER | CCS | power_COAL_ccs | MEDIUM,1.0
842,DAC | CCS | DAC_liquid_sorbents | NONE,1.0
843,VEHICLES | GREEN | HEAVYDUTY_electric | LOW,1.0
844,POWER | GREEN | power_WIND_offshore | NONE,1.0
845,POWER | BROWN | power_BIOMASS_noccs | MEDIUM,1.0
846,VEHICLES | GREEN | CARS_electric | NONE,1.0
847,STORAGE | GREEN | pipelines_HYDROGEN | LOW,1.0
848,VEHICLES | BROWN | CARS_trad | HIGH,1.0
849,STORAGE | GREEN | refueling_station_HYDROGEN | MEDIUM,1.0
850,VEHICLES | GREEN | HEAVYDUTY_fuelcell | HIGH,1.0
851,VEHICLES | GREEN | CARS_electric | MEDIUM,1.0
852,POWER | CCS | power_GAS_ccs | NONE,1.0
853,VEHICLES | GREEN | HEAVYDUTY_fuelcell | MEDIUM,1.0
854,STORAGE | GREEN | power_STORAGE | NONE,1.0
855,DAC | CCS | DAC_calcium_oxide | NONE,1.0
856,POWER | BROWN | power_GAS_noccs | HIGH,1.0
857,ENERGY | CCS | enduse_COAL_ccs | LOW,1.0
858,DAC | CCS | DAC_solid_sorbents | MEDIUM,1.0
859,POWER | BROWN | power_BIOMASS_noccs | HIGH,1.0
860,POWER | BROWN | power_BIOMASS_noccs | NONE,1.0
861,VEHICLES | GREEN | HEAVYDUTY_hybrid | MEDIUM,1.0
862,POWER | GREEN | power_WIND_offshore | MEDIUM,1.0
863,STORAGE | GREEN | pipelines_HYDROGEN | LOW,1.0
864,VEHICLES | GREEN | CARS_hybrid | LOW,1.0
865,POWER | GREEN | power_NUCLEAR | LOW,1.0
866,VEHICLES | BROWN | HEAVYDUTY_trad | LOW,1.0
867,POWER | GREEN | power_NUCLEAR | HIGH,1.0
868,POWER | GREEN | power_SOLAR | MEDIUM,1.0
869,DAC | CCS | DAC_calcium_oxide | HIGH,1.0
870,VEHICLES | GREEN | CARS_fuelcell | NONE,1.0
871,DAC | CCS | DAC_solid_sorbents | MEDIUM,1.0
872,POWER | CCS | power_GAS_ccs | MEDIUM,1.0
873,VEHICLES | GREEN | CARS_electric | MEDIUM,1.0
874,POWER | GREEN | power_SOLAR | MEDIUM,1.0
875,STORAGE | GREEN | pipelines_HYDROGEN | NONE,1.0
876,STORAGE | GREEN | power_STORAGE | MEDIUM,1.0
877,VEHICLES | BROWN | CARS_trad | HIGH,1.0
878,POWER | GREEN | power_WIND_onshore | NONE,1.0
879,DAC | CCS | DAC_solid_sorbents | NONE,1.0
880,POWER | GREEN | power_WIND_offshore | HIGH,1.0
881,POWER | GREEN | power_HYDRO | LOW,1.0
882,POWER | CCS | power_COAL_ccs | LOW,1.0
883,POWER | BROWN | power_COAL_noccs | NONE,1.0
884,VEHICLES | BROWN | CARS_trad | MEDIUM,1.0
885,DAC | CCS | DAC_calcium_oxide | LOW,1.0
886,VEHICLES | GREEN | CARS_fuelcell | MEDIUM,1.0
887,POWER | CCS | power_COAL_ccs | NONE,1.0
888,POWER | CCS | power_GAS_ccs | HIGH,1.0
889,VEHICLES | GREEN | HEAVYDUTY_electric | MEDIUM,1.0
890,POWER | GREEN | power_WIND_onshore | HIGH,1.0
891,VEHICLES | BROWN | HEAVYDUTY_trad | NONE,1.0
892,POWER | BROWN | power_GAS_noccs | MEDIUM,1.0
893,STORAGE | GREEN | power_STORAGE | LOW,1.0
894,POWER | CCS | power_COAL_ccs | HIGH,1.0
895,VEHICLES | GREEN | CARS_hybrid | MEDIUM,1.0
896,STORAGE | GREEN | refueling_station_HYDROGEN | MEDIUM,1.0
897,POWER | BROWN | power_OIL | NONE,1.0
898,VEHICLES | GREEN | CARS_electric | NONE,1.0
899,VEHICLES | GREEN | HEAVYDUTY_hybrid | MEDIUM,1.0
900,VEHICLES | GREEN | HEAVYDUTY_electric | LOW,1.0
901,VEHICLES | GREEN | CARS_fuelcell | MEDIUM,1.0
902,POWER | BROWN | power_OIL | LOW,1.0
903,POWER | GREEN | power_NUCLEAR | MEDIUM,1.0
904,DAC | CCS | DAC_solid_sorbents | NONE,1.0
905,POWER | GREEN | power_NUCLEAR | NONE,1.0
906,VEHICLES | GREEN | HEAVYDUTY_hybrid | HIGH,1.0
907,STORAGE | GREEN | power_STORAGE | LOW,1.0
908,STORAGE | GREEN | refueling_station_HYDROGEN | LOW,1.0
909,ENERGY | CCS | enduse_COAL_ccs | NONE,1.0
910,VEHICLES | BROWN | HEAVYDUTY_trad | HIGH,1.0
911,POWER | CCS | power_BIOMASS_ccs | MEDIUM,1.0
912,STORAGE | GREEN | production_HYDROGEN | LOW,1.0
913,POWER | BROWN | power_OIL | NONE,1.0
914,POWER | CCS | power_BIOMASS_ccs | MEDIUM,1.0
915,POWER | BROWN | power_COAL_noccs | HIGH,1.0
916,VEHICLES | BROWN | HEAVYDUTY_trad | NONE,1.0
917,VEHICLES | GREEN | CARS_electric | MEDIUM,1.0
918,VEHICLES | GREEN | HEAVYDUTY_fuelcell | HIGH,1.0
919,POWER | GREEN | power_HYDRO | MEDIUM,1.0
920,VEHICLES | BROWN | HEAVYDUTY_trad | MEDIUM,1.0
921,POWER | BROWN | power_COAL_noccs | MEDIUM,1.0
922,VEHICLES | GREEN | CARS_electric | HIGH,1.0
923,VEHICLES | GREEN | HEAVYDUTY_hybrid | HIGH,1.0
924,VEHICLES | GREEN | CARS_hybrid | MEDIUM,1.0
925,POWER | GREEN | power_NUCLEAR | MEDIUM,1.0
926,POWER | GREEN | power_WIND_offshore | MEDIUM,1.0
927,VEHICLES | BROWN | CARS_trad | MEDIUM,1.0
928,VEHICLES | GREEN | CARS_fuelcell | MEDIUM,1.0
929,DAC | CCS | DAC_calcium_oxide | MEDIUM,1.0
930,STORAGE | GREEN | refueling_station_HYDROGEN | MEDIUM,1.0
931,VEHICLES | GREEN | CARS_hybrid | LOW,1.0
932,STORAGE | GREEN | pipelines_HYDROGEN | HIGH,1.0
933,POWER | GREEN | power_NUCLEAR | NONE,1.0
934,POWER | BROWN | power_GAS_noccs | NONE,1.0
935,POWER | GREEN | power_NUCLEAR | LOW,1.0
936,VEHICLES | GREEN | CARS_electric | MEDIUM,1.0
937,DAC | CCS | DAC_calcium_oxide | LOW,1.0
938,POWER | BROWN | power_OIL | LOW,1.0
939,STORAGE | GREEN | refueling_station_HYDROGEN | NONE,1.0
940,POWER | GREEN | power_HYDRO | HIGH,1.0
941,VEHICLES | GREEN | CARS_hybrid | MEDIUM,1.0
942,VEHICLES | GREEN | HEAVYDUTY_hybrid | HIGH,1.0
943,POWER | CCS | power_BIOMASS_ccs | MEDIUM,1.0
944,POWER | BROWN | power_BIOMASS_noccs | NONE,1.0
945,ENERGY | CCS | enduse_COAL_ccs | MEDIUM,1.0
946,DAC | CCS | DAC_solid_sorbents | MEDIUM,1.0
947,STORAGE | GREEN | production_HYDROGEN | LOW,1.0
948,POWER | CCS | power_COAL_ccs | LOW,1.0
949,POWER | GREEN | power_WIND_onshore | MEDIUM,1.0
950,POWER | CCS | power_COAL_ccs | MEDIUM,1.0
951,VEHICLES | BROWN | CARS_trad | NONE,1.0
952,POWER | BROWN | power_BIOMASS_noccs | NONE,1.0
953,POWER | CCS | power_COAL_ccs | NONE,1.0
954,STORAGE | GREEN | pipelines_HYDROGEN | NONE,1.0
955,VEHICLES | GREEN | CARS_electric | NONE,1.0
956,VEHICLES | GREEN | HEAVYDUTY_hybrid | HIGH,1.0
957,ENERGY | CCS | enduse_COAL_ccs | LOW,1.0
958,VEHICLES | GREEN | CARS_hybrid | HIGH,1.0
959,VEHICLES | BROWN | HEAVYDUTY_trad | LOW,1.0
960,POWER | BROWN | power_BIOMASS_noccs | MEDIUM,1.0
961,STORAGE | GREEN | power_STORAGE | LOW,1.0
962,ENERGY | GREEN | thermal_SOLAR | MEDIUM,1.0
963,ENERGY | GREEN | thermal_SOLAR | LOW,1.0
964,POWER | BROWN | power_OIL | MEDIUM,1.0
965,VEHICLES | GREEN | CARS_electric | HIGH,1.0
966,POWER | GREEN | power_HYDRO | HIGH,1.0
967,VEHICLES | GREEN | HEAVYDUTY_hybrid | LOW,1.0
968,DAC | CCS | DAC_calcium_oxide | MEDIUM,1.0
969,POWER | GREEN | power_SOLAR | NONE,1.0
970,VEHICLES | GREEN | HEAVYDUTY_electric | NONE,1.0
971,VEHICLES | GREEN | CARS_hybrid | HIGH,1.0
972,POWER | CCS | power_COAL_ccs | NONE,1.0
973,ENERGY | GREEN | thermal_SOLAR | LOW,1.0
974,VEHICLES | BROWN | CARS_trad | LOW,1.0
975,POWER | BROWN | power_OIL | NONE,1.0
976,POWER | BROWN | power_BIOMASS_noccs | LOW,1.0
977,STORAGE | GREEN | power_STORAGE | LOW,1.0
978,POWER | CCS | power_BIOMASS_ccs | HIGH,1.0
979,POWER | GREEN | power_WIND_onshore | MEDIUM,1.0
980,ENERGY | GREEN | thermal_SOLAR | HIGH,1.0
981,POWER | GREEN | power_WIND_onshore | HIGH,1.0
982,POWER | CCS | power_COAL_ccs | LOW,1.0
983,VEHICLES | GREEN | HEAVYDUTY_electric | MEDIUM,1.0
984,VEHICLES | GREEN | HEAVYDUTY_hybrid | LOW,1.0
985,POWER | CCS | power_BIOMASS_ccs | LOW,1.0
986,STORAGE | GREEN | pipelines_HYDROGEN | HIGH,1.0
987,POWER | CCS | power_GAS_ccs | HIGH,1.0
988,VEHICLES | GREEN | CARS_electric | HIGH,1.0
989,STORAGE | GREEN | power_STORAGE | LOW,1.0
990,ENERGY | CCS | enduse_COAL_ccs | MEDIUM,1.0
991,POWER | CCS | power_GAS_ccs | LOW,1.0
992,POWER | CCS | power_BIOMASS_ccs | NONE,1.0
993,POWER | BROWN | power_COAL_noccs | MEDIUM,1.0
994,POWER | BROWN | power_GAS_noccs | HIGH,1.0
995,STORAGE | GREEN | pipelines_HYDROGEN | LOW,1.0
996,VEHICLES | GREEN | HEAVYDUTY_fuelcell | HIGH,1.0
997,VEHICLES | GREEN | CARS_fuelcell | LOW,1.0
998,VEHICLES | BROWN | CARS_trad | LOW,1.0
999,POWER | BROWN | power_COAL_noccs | MEDIUM,1.0
